age,income,score,zipcode,city,extra_data
0.23809523809523814,0.8125,0.6538461538461533,90210,Beverly,0.5
0.7619047619047619,0.625,1.0,10001,New York,1.0
0.0,0.0,,60614,Chicago,0.5
1.0,1.0,0.4230769230769229,94103,SF,0.5
0.4285714285714284,0.625,0.8846153846153841,73301,Austin,0.5
0.5,0.625,0.0,12345,Unknown,0.0
0.5714285714285714,0.4375,0.5384615384615383,94105,San Francisco,0.5
